id_notion;mot;mot_normalise;id_theme;theme;categorie;definition;a_retenir;ne_pas_confondre;voir_aussi;chapitre;lettre;groupe_alphabetique;mots_cles;id_ecran;actif
GLO0001;Abstention;abstention;T2;Système institutionnel et politique français;LES ÉLECTIONS;Fait de ne pas participer à une élection.;L'abstention est différente du vote blanc.;;Vote;Chapitre 4;A;A–C;"abstention; vote";SCR_GLO_0001;Oui
GLO0002;Alpes;alpes;T4;Histoire, géographie, patrimoine et culture;LA GÉOGRAPHIE DE LA FRANCE;Massif montagneux situé à l'est de la France.;Le Mont Blanc est le plus haut sommet d'Europe occidentale.;;Pyrénées;Chapitre 2;A;A–C;"alpes; pyrenees";SCR_GLO_0002;Oui
GLO0003;APL;apl;T5;Vivre dans la société française;LE LOGEMENT;Aide personnalisée au logement versée sous certaines conditions.;Elle permet de réduire le montant du loyer.;;CAF;Chapitre 3;A;A–C;"apl; caf";SCR_GLO_0003;Oui
GLO0004;Assemblée nationale;assemblee nationale;T2;Système institutionnel et politique français;LES INSTITUTIONS DE LA RÉPUBLIQUE;L'Assemblée nationale est composée des députés.;Les députés sont élus directement par les citoyens.;;"Député; Parlement";Chapitre 2;A;A–C;"assemblee nationale; depute; parlement";SCR_GLO_0004;Oui
GLO0005;Assistance à personne en danger;assistance a personne en danger;T3;Droits et devoirs;LES RESPONSABILITÉS;Obligation d'aider une personne en danger ou d'alerter les secours lorsqu'il est possible de le faire sans risque.;Ne pas porter assistance peut être puni par la loi.;;Secours;Chapitre 2;A;A–C;"assistance a personne en danger; secours";SCR_GLO_0005;Oui
GLO0006;Assurance maladie;assurance maladie;T5;Vivre dans la société française;LA SANTÉ;Système de protection sociale qui rembourse tout ou partie des dépenses de santé.;Toute personne résidant régulièrement en France peut bénéficier d'une couverture maladie selon sa situation.;;"Carte Vitale; CPAM; Médecin traitant";Chapitre 1;A;A–C;"assurance maladie; carte vitale; cpam; medecin traitant";SCR_GLO_0006;Oui
GLO0007;Bail;bail;T5;Vivre dans la société française;LE LOGEMENT;Contrat de location entre un propriétaire et un locataire.;Le bail fixe les droits et obligations de chacun.;;Logement;Chapitre 3;B;A–C;"bail; logement";SCR_GLO_0007;Oui
GLO0008;Bretagne;bretagne;T4;Histoire, géographie, patrimoine et culture;LES RÉGIONS ET LES TERRITOIRES;Région située à l'ouest de la France métropolitaine.;La Bretagne est connue pour son littoral, sa culture bretonne, ses ports de pêche, ses phares et ses spécialités culinaires comme les crêpes et le kouign-amann.;;"Rennes; Région";Chapitre 2;B;A–C;"bretagne; region; rennes";SCR_GLO_0008;Oui
GLO0009;CAF;caf;T5;Vivre dans la société française;LE LOGEMENT;La Caisse d'allocations familiales verse différentes aides aux familles et aux personnes selon leur situation.;La CAF peut aider au paiement du logement.;;APL;Chapitre 3;C;A–C;"apl; caf";SCR_GLO_0009;Oui
GLO0010;Carte de résident;carte de resident;T5;Vivre dans la société française;LES DÉMARCHES ADMINISTRATIVES;Titre de séjour permettant de résider durablement en France.;Sa durée de validité est généralement de dix ans.;;Titre de séjour;Chapitre 5;C;A–C;"carte de resident; titre de sejour";SCR_GLO_0010;Oui
GLO0011;Carte Vitale;carte vitale;T5;Vivre dans la société française;LA SANTÉ;Carte personnelle permettant de justifier ses droits à l'Assurance maladie.;Elle facilite le remboursement des soins.;;"Assurance maladie; CPAM";Chapitre 1;C;A–C;"assurance maladie; carte vitale; cpam";SCR_GLO_0011;Oui
GLO0012;CDD;cdd;T5;Vivre dans la société française;LE TRAVAIL;Contrat à durée déterminée.;Il prévoit une date de fin.;CDD ≠ CDI.;"Contrat de travail; CDI";Chapitre 2;C;A–C;"cdd; cdi; contrat de travail";SCR_GLO_0012;Oui
GLO0013;CDI;cdi;T5;Vivre dans la société française;LE TRAVAIL;Contrat à durée indéterminée.;Il ne prévoit pas de date de fin.;CDI ≠ CDD.;"Contrat de travail; CDD";Chapitre 2;C;A–C;"cdd; cdi; contrat de travail";SCR_GLO_0013;Oui
GLO0014;Celtes;celtes;T4;Histoire, géographie, patrimoine et culture;L'HISTOIRE DE FRANCE;Peuples installés en Gaule avant la conquête romaine.;Les Gaulois étaient des peuples celtes.;;Gaule;Chapitre 1;C;A–C;"celtes; gaule";SCR_GLO_0014;Oui
GLO0015;Charlemagne;charlemagne;T4;Histoire, géographie, patrimoine et culture;L'HISTOIRE DE FRANCE;Empereur d'Occident couronné en l'an 800.;Il a contribué au développement de l'éducation et de l'organisation de son empire.;;Moyen Âge;Chapitre 1;C;A–C;"charlemagne; moyen age";SCR_GLO_0015;Oui
GLO0016;Charte de l'environnement;charte de l environnement;T3;Droits et devoirs;LES DROITS FONDAMENTAUX;Texte à valeur constitutionnelle qui reconnaît le droit à un environnement équilibré.;La protection de l'environnement est un principe constitutionnel.;;Environnement;Chapitre 1;C;A–C;"charte de l environnement; environnement";SCR_GLO_0016;Oui
GLO0017;Château de Versailles;chateau de versailles;T4;Histoire, géographie, patrimoine et culture;LE PATRIMOINE FRANÇAIS;Ancienne résidence des rois de France située près de Paris.;Il est célèbre pour son architecture et ses jardins.;;Louis XIV;Chapitre 3;C;A–C;"chateau de versailles; louis xiv";SCR_GLO_0017;Oui
GLO0018;Cinquième République;cinquieme republique;T4;Histoire, géographie, patrimoine et culture;L'HISTOIRE DE FRANCE;Régime politique actuel de la France, instauré en 1958.;La Constitution de 1958 est toujours en vigueur.;;Constitution;Chapitre 1;C;A–C;"cinquieme republique; constitution";SCR_GLO_0018;Oui
GLO0019;Citoyen;citoyen;T1;Principes et valeurs de la République;LES PRINCIPES DE LA RÉPUBLIQUE;Personne possédant la nationalité française et bénéficiant des droits civiques et politiques.;Le citoyen participe à la vie démocratique.;;"Nationalité; Droit de vote";Chapitre 1;C;A–C;"citoyen; droit de vote; nationalite";SCR_GLO_0019;Oui
GLO0020;Citoyenneté;citoyennete;T3;Droits et devoirs;LES DROITS FONDAMENTAUX;Lien juridique entre une personne et un État, donnant des droits mais aussi des devoirs.;Tous les résidents ne sont pas citoyens français.;Citoyenneté ≠ résidence.;Nationalité;Chapitre 1;C;A–C;"citoyennete; nationalite";SCR_GLO_0020;Oui
GLO0021;Clovis;clovis;T4;Histoire, géographie, patrimoine et culture;L'HISTOIRE DE FRANCE;Premier roi des Francs à s'être converti au christianisme.;Son règne marque le début de la dynastie mérovingienne.;;Charlemagne;Chapitre 1;C;A–C;"charlemagne; clovis";SCR_GLO_0021;Oui
GLO0022;Collège;college;T5;Vivre dans la société française;L'ÉDUCATION;Établissement accueillant les élèves après l'école primaire.;Le collège est obligatoire.;;Lycée;Chapitre 4;C;A–C;"college; lycee";SCR_GLO_0022;Oui
GLO0023;Commission européenne;commission europeenne;T2;Système institutionnel et politique français;UNION EUROPÉENNE;Institution chargée de proposer les lois européennes et de veiller à leur application.;Elle défend l'intérêt général de l'Union européenne.;;Union européenne;Chapitre 5;C;A–C;"commission europeenne; union europeenne";SCR_GLO_0023;Oui
GLO0024;Commune;commune;T2;Système institutionnel et politique français;COLLECTIVITÉS TERRITORIALES;La commune est la plus petite collectivité territoriale.;Elle est administrée par un maire.;;Maire;Chapitre 3;C;A–C;"commune; maire";SCR_GLO_0024;Oui
GLO0025;Conseil constitutionnel;conseil constitutionnel;T2;Système institutionnel et politique français;LES INSTITUTIONS DE LA RÉPUBLIQUE;Le Conseil constitutionnel vérifie que les lois respectent la Constitution.;Il protège la Constitution.;;Constitution;Chapitre 2;C;A–C;"conseil constitutionnel; constitution";SCR_GLO_0025;Oui
GLO0026;Conseil de l'Union européenne;conseil de l union europeenne;T2;Système institutionnel et politique français;UNION EUROPÉENNE;Institution où siègent les ministres des États membres.;Il participe au vote des lois européennes.;;Commission européenne;Chapitre 5;C;A–C;"commission europeenne; conseil de l union europeenne";SCR_GLO_0026;Oui
GLO0027;Conseil départemental;conseil departemental;T2;Système institutionnel et politique français;COLLECTIVITÉS TERRITORIALES;Assemblée qui administre le département.;Ses membres sont les conseillers départementaux.;;Département;Chapitre 3;C;A–C;"conseil departemental; departement";SCR_GLO_0027;Oui
GLO0028;Conseil européen;conseil europeen;T2;Système institutionnel et politique français;UNION EUROPÉENNE;Réunion des chefs d'État ou de gouvernement des pays membres.;Il fixe les grandes orientations politiques de l'Union européenne.;;Union européenne;Chapitre 5;C;A–C;"conseil europeen; union europeenne";SCR_GLO_0028;Oui
GLO0029;Conseil municipal;conseil municipal;T2;Système institutionnel et politique français;COLLECTIVITÉS TERRITORIALES;Assemblée élue qui administre la commune.;Les conseillers municipaux élisent le maire.;;Maire;Chapitre 3;C;A–C;"conseil municipal; maire";SCR_GLO_0029;Oui
GLO0030;Conseil régional;conseil regional;T2;Système institutionnel et politique français;COLLECTIVITÉS TERRITORIALES;Assemblée qui administre la région.;Ses membres sont les conseillers régionaux.;;Région;Chapitre 3;C;A–C;"conseil regional; region";SCR_GLO_0030;Oui
GLO0031;Consentement;consentement;T3;Droits et devoirs;LES VIOLENCES;Accord libre et volontaire donné par une personne.;Sans consentement, un acte peut constituer une infraction.;;Violence sexuelle;Chapitre 2;C;A–C;"consentement; violence sexuelle";SCR_GLO_0031;Oui
GLO0032;Constitution;constitution;T1;Principes et valeurs de la République;LES PRINCIPES DE LA RÉPUBLIQUE;Texte fondamental qui organise les institutions françaises et garantit les droits et libertés.;Toutes les lois doivent respecter la Constitution.;;"République; Loi";Chapitre 1;C;A–C;"constitution; loi; republique";SCR_GLO_0032;Oui
GLO0033;Contrat d'engagement à respecter les principes de la République;contrat d engagement a respecter les principes de la republique;T1;Principes et valeurs de la République;LANGUE ET ENGAGEMENT RÉPUBLICAIN;Engagement consistant à respecter les valeurs et les principes de la République française.;Le respect des principes républicains est attendu dans certains parcours administratifs.;;"République; Laïcité; Valeurs de la République";Chapitre 6;C;A–C;"contrat d engagement a respecter les principes de la republique; laicite; republique; valeurs de la republique";SCR_GLO_0033;Oui
GLO0034;Contrat de travail;contrat de travail;T5;Vivre dans la société française;LE TRAVAIL;Accord entre un employeur et un salarié définissant les conditions de travail.;Le contrat précise les droits et les obligations de chacun.;;"CDI; CDD";Chapitre 2;C;A–C;"cdd; cdi; contrat de travail";SCR_GLO_0034;Oui
GLO0035;Contravention;contravention;T3;Droits et devoirs;LES DEVOIRS;Infraction la moins grave.;Elle est généralement punie d'une amende.;;"Délit; Crime";Chapitre 2;C;A–C;"contravention; crime; delit";SCR_GLO_0035;Oui
GLO0036;CPAM;cpam;T5;Vivre dans la société française;LA SANTÉ;La Caisse primaire d'assurance maladie gère l'Assurance maladie dans chaque département.;Elle accompagne les assurés dans leurs démarches de santé.;;"Carte Vitale; Assurance maladie";Chapitre 1;C;A–C;"assurance maladie; carte vitale; cpam";SCR_GLO_0036;Oui
GLO0037;Crime;crime;T3;Droits et devoirs;LES DEVOIRS;Infraction la plus grave prévue par la loi.;Les crimes sont jugés par une cour d'assises.;;Délit;Chapitre 2;C;A–C;"crime; delit";SCR_GLO_0037;Oui
GLO0038;Déclaration des droits de l'homme et du citoyen;declaration des droits de l homme et du citoyen;T3;Droits et devoirs;LES DROITS FONDAMENTAUX;Texte adopté en 1789 qui affirme les droits et libertés fondamentaux.;C'est l'un des textes fondateurs de la République française.;;Constitution;Chapitre 1;D;D–F;"constitution; declaration des droits de l homme et du citoyen";SCR_GLO_0038;Oui
GLO0039;Délit;delit;T3;Droits et devoirs;LES DEVOIRS;Infraction plus grave qu'une contravention.;Il peut être puni d'une peine de prison.;;Crime;Chapitre 2;D;D–F;"crime; delit";SCR_GLO_0039;Oui
GLO0040;Démocratie;democratie;T1;Principes et valeurs de la République;LES PRINCIPES DE LA RÉPUBLIQUE;Régime politique dans lequel les citoyens participent à la vie publique par le vote ou le référendum.;La démocratie permet au peuple de participer aux décisions publiques.;Démocratie ≠ République.;"République; Élection";Chapitre 1;D;D–F;"democratie; election; republique";SCR_GLO_0040;Oui
GLO0041;Département;departement;T2;Système institutionnel et politique français;COLLECTIVITÉS TERRITORIALES;Le département est une collectivité territoriale située entre la région et la commune.;La France compte 101 départements.;;"Région; Commune";Chapitre 3;D;D–F;"commune; departement; region";SCR_GLO_0041;Oui
GLO0042;Député;depute;T2;Système institutionnel et politique français;LES INSTITUTIONS DE LA RÉPUBLIQUE;Le député représente les citoyens à l'Assemblée nationale.;Il vote les lois.;;Assemblée nationale;Chapitre 2;D;D–F;"assemblee nationale; depute";SCR_GLO_0042;Oui
GLO0043;Député européen;depute europeen;T2;Système institutionnel et politique français;UNION EUROPÉENNE;Représentant élu des citoyens au Parlement européen.;Les députés européens sont élus tous les cinq ans.;;Parlement européen;Chapitre 5;D;D–F;"depute europeen; parlement europeen";SCR_GLO_0043;Oui
GLO0044;Devise de la République;devise de la republique;T1;Principes et valeurs de la République;LES VALEURS DE LA RÉPUBLIQUE;"La devise officielle de la République française est :
Liberté, Égalité, Fraternité.";Elle représente les trois valeurs fondamentales de la République.;;"Liberté; Égalité; Fraternité";Chapitre 2;D;D–F;"devise de la republique; egalite; fraternite; liberte";SCR_GLO_0044;Oui
GLO0045;Dignité humaine;dignite humaine;T3;Droits et devoirs;LES DROITS FONDAMENTAUX;Principe selon lequel chaque personne doit être respectée et ne jamais être traitée comme un objet.;La dignité humaine est protégée par la loi.;;Droits fondamentaux;Chapitre 1;D;D–F;"dignite humaine; droits fondamentaux";SCR_GLO_0045;Oui
GLO0046;Drapeau français;drapeau francais;T1;Principes et valeurs de la République;LES SYMBOLES DE LA RÉPUBLIQUE;Le drapeau national est composé de trois bandes verticales bleue, blanche et rouge.;Il est l'un des symboles officiels de la République.;;La Marseillaise;Chapitre 3;D;D–F;"drapeau francais; la marseillaise";SCR_GLO_0046;Oui
GLO0047;Droits fondamentaux;droits fondamentaux;T3;Droits et devoirs;LES DROITS FONDAMENTAUX;Ensemble des droits et libertés reconnus à toute personne et garantis par la Constitution et les textes fondamentaux.;Ils protègent la dignité, la liberté et l'égalité de chacun.;;"Constitution; Liberté; Égalité";Chapitre 1;D;D–F;"constitution; droits fondamentaux; egalite; liberte";SCR_GLO_0047;Oui
GLO0048;École;ecole;T5;Vivre dans la société française;L'ÉDUCATION;Établissement où les enfants reçoivent un enseignement.;L'instruction est obligatoire de 3 à 16 ans.;;"Collège; Lycée";Chapitre 4;E;D–F;"college; ecole; lycee";SCR_GLO_0048;Oui
GLO0049;Égalité;egalite;"T1; T3";"Principes et valeurs de la République; Droits et devoirs";"LES VALEURS DE LA RÉPUBLIQUE; LES DROITS FONDAMENTAUX";"Principe selon lequel toutes les personnes disposent des mêmes droits devant la loi.

Principe selon lequel toutes les personnes bénéficient des mêmes droits devant la loi.";"La loi est la même pour tous.

Aucune discrimination n'est autorisée.";;"Liberté; Discrimination";"Chapitre 2; Chapitre 1";E;D–F;"discrimination; egalite; liberte";SCR_GLO_0049;Oui
GLO0050;Élection;election;T2;Système institutionnel et politique français;LES ÉLECTIONS;Procédure permettant aux citoyens de choisir leurs représentants.;Les élections sont au cœur de la démocratie.;;Suffrage universel;Chapitre 4;E;D–F;"election; suffrage universel";SCR_GLO_0050;Oui
GLO0051;Employeur;employeur;T5;Vivre dans la société française;LE TRAVAIL;Personne ou entreprise qui embauche un salarié.;L'employeur doit respecter le Code du travail.;;Salarié;Chapitre 2;E;D–F;"employeur; salarie";SCR_GLO_0051;Oui
GLO0052;Environnement;environnement;T3;Droits et devoirs;LES RESPONSABILITÉS;Ensemble des éléments naturels que chacun doit protéger.;La protection de l'environnement est une responsabilité collective.;;Charte de l'environnement;Chapitre 2;E;D–F;"charte de l environnement; environnement";SCR_GLO_0052;Oui
GLO0053;Espace Schengen;espace schengen;T2;Système institutionnel et politique français;UNION EUROPÉENNE;Espace dans lequel les contrôles aux frontières intérieures sont supprimés entre les États participants.;La France fait partie de l'espace Schengen.;;Union européenne;Chapitre 5;E;D–F;"espace schengen; union europeenne";SCR_GLO_0053;Oui
GLO0054;État;etat;T2;Système institutionnel et politique français;LES INSTITUTIONS DE LA RÉPUBLIQUE;L'État est l'organisation politique qui exerce son autorité sur le territoire français et garantit le respect des lois.;L'État assure les services publics et protège les citoyens.;;"République; Gouvernement; Préfet";Chapitre 1;E;D–F;"etat; gouvernement; prefet; republique";SCR_GLO_0054;Oui
GLO0055;Euro;euro;T2;Système institutionnel et politique français;UNION EUROPÉENNE;Monnaie utilisée par plusieurs pays de l'Union européenne.;L'euro est la monnaie officielle de la France.;;Union européenne;Chapitre 5;E;D–F;"euro; union europeenne";SCR_GLO_0055;Oui
GLO0056;Fête de la Musique;fete de la musique;T4;Histoire, géographie, patrimoine et culture;LA CULTURE FRANÇAISE;Manifestation culturelle organisée chaque année le 21 juin.;Elle permet à tous de partager la musique gratuitement.;;Culture;Chapitre 3;F;D–F;"culture; fete de la musique";SCR_GLO_0056;Oui
GLO0057;Fête nationale;fete nationale;T1;Principes et valeurs de la République;LES SYMBOLES DE LA RÉPUBLIQUE;La fête nationale française est célébrée chaque année le 14 juillet.;Elle commémore la prise de la Bastille et la Fête de la Fédération.;;République;Chapitre 3;F;D–F;"fete nationale; republique";SCR_GLO_0057;Oui
GLO0058;France métropolitaine;france metropolitaine;T4;Histoire, géographie, patrimoine et culture;LA GÉOGRAPHIE DE LA FRANCE;Partie du territoire français située en Europe.;Elle est composée de 13 régions.;;Outre-mer;Chapitre 2;F;D–F;"france metropolitaine; outre mer";SCR_GLO_0058;Oui
GLO0059;France Services;france services;T5;Vivre dans la société française;LES SERVICES PUBLICS;Réseau de guichets de proximité permettant d'effectuer de nombreuses démarches administratives.;France Services accompagne les usagers gratuitement.;;Services publics;Chapitre 5;F;D–F;"france services; services publics";SCR_GLO_0059;Oui
GLO0060;France Travail;france travail;T5;Vivre dans la société française;LE TRAVAIL;Établissement public qui accompagne les personnes dans leur recherche d'emploi.;France Travail remplace Pôle emploi.;;"Emploi; Formation";Chapitre 2;F;D–F;"emploi; formation; france travail";SCR_GLO_0060;Oui
GLO0061;Francophonie;francophonie;T4;Histoire, géographie, patrimoine et culture;LA CULTURE FRANÇAISE;Ensemble des personnes et des pays qui utilisent la langue française.;Le français est parlé sur les cinq continents.;;Langue française;Chapitre 3;F;D–F;"francophonie; langue francaise";SCR_GLO_0061;Oui
GLO0062;Fraternité;fraternite;T1;Principes et valeurs de la République;LES VALEURS DE LA RÉPUBLIQUE;Valeur qui encourage la solidarité, l'entraide et le respect entre les personnes.;La fraternité favorise le vivre ensemble.;;Solidarité;Chapitre 2;F;D–F;"fraternite; solidarite";SCR_GLO_0062;Oui
GLO0063;Gastronomie française;gastronomie francaise;T4;Histoire, géographie, patrimoine et culture;LA CULTURE FRANÇAISE;Ensemble des traditions culinaires françaises.;Le repas gastronomique des Français est inscrit au patrimoine culturel immatériel de l'UNESCO.;;UNESCO;Chapitre 3;G;G–L;"gastronomie francaise; unesco";SCR_GLO_0063;Oui
GLO0064;Gaule;gaule;T4;Histoire, géographie, patrimoine et culture;L'HISTOIRE DE FRANCE;Nom donné au territoire de la France actuelle avant la conquête romaine.;La Gaule était peuplée de peuples celtes.;;"Celtes; Vercingétorix; Jules César";Chapitre 1;G;G–L;"celtes; gaule; jules cesar; vercingetorix";SCR_GLO_0064;Oui
GLO0065;Gendarmerie;gendarmerie;T3;Droits et devoirs;LES DEVOIRS;Force militaire chargée de missions de sécurité publique.;Elle intervient principalement en zone rurale.;;Police;Chapitre 2;G;G–L;"gendarmerie; police";SCR_GLO_0065;Oui
GLO0066;Gouvernement;gouvernement;T2;Système institutionnel et politique français;LES INSTITUTIONS DE LA RÉPUBLIQUE;"Le Gouvernement conduit la politique de la Nation.
Il est composé du Premier ministre et des ministres.";Il prépare les projets de loi et applique les lois.;"Le Gouvernement propose les lois.
Le Parlement les vote.";"Premier ministre; Parlement";Chapitre 1;G;G–L;"gouvernement; parlement; premier ministre";SCR_GLO_0066;Oui
GLO0067;Guadeloupe;guadeloupe;T4;Histoire, géographie, patrimoine et culture;LES RÉGIONS ET LES TERRITOIRES;Département et région d'outre-mer situé dans les Caraïbes.;Elle est connue pour ses plages, son volcan de la Soufrière et sa biodiversité.;;Outre-mer;Chapitre 2;G;G–L;"guadeloupe; outre mer";SCR_GLO_0067;Oui
GLO0068;Guyane;guyane;T4;Histoire, géographie, patrimoine et culture;LES RÉGIONS ET LES TERRITOIRES;Département et région d'outre-mer situé en Amérique du Sud.;La Guyane accueille le Centre spatial guyanais de Kourou et possède une vaste forêt amazonienne.;;Outre-mer;Chapitre 2;G;G–L;"guyane; outre mer";SCR_GLO_0068;Oui
GLO0069;Harcèlement;harcelement;T3;Droits et devoirs;LES VIOLENCES;Violences ou comportements répétés ayant pour effet de dégrader les conditions de vie d'une personne.;Le harcèlement est puni par la loi.;;Harcèlement scolaire;Chapitre 2;H;G–L;"harcelement; harcelement scolaire";SCR_GLO_0069;Oui
GLO0070;Harcèlement scolaire;harcelement scolaire;T3;Droits et devoirs;LES VIOLENCES;Violences répétées subies par un élève de la part d'autres élèves.;Il s'agit d'un délit.;;Violence;Chapitre 2;H;G–L;"harcelement scolaire; violence";SCR_GLO_0070;Oui
GLO0071;Hôpital;hopital;T5;Vivre dans la société française;LA SANTÉ;Établissement de santé où sont assurés les soins médicaux et chirurgicaux.;Les hôpitaux publics accueillent tous les patients.;;Urgences;Chapitre 1;H;G–L;"hopital; urgences";SCR_GLO_0071;Oui
GLO0072;Île-de-France;ile de france;T4;Histoire, géographie, patrimoine et culture;LES RÉGIONS ET LES TERRITOIRES;Région où se situe Paris, capitale de la France.;Elle est la région la plus peuplée du pays et concentre de nombreuses institutions nationales.;;Paris;Chapitre 2;I;G–L;"ile de france; paris";SCR_GLO_0072;Oui
GLO0073;Impôt;impot;T3;Droits et devoirs;LES RESPONSABILITÉS;Somme versée à l'État ou aux collectivités pour financer les services publics.;Le paiement des impôts est une obligation.;;Services publics;Chapitre 2;I;G–L;"impot; services publics";SCR_GLO_0073;Oui
GLO0074;Infraction;infraction;T3;Droits et devoirs;LES DEVOIRS;Acte interdit par la loi.;Une infraction peut être sanctionnée.;;"Contravention; Délit; Crime";Chapitre 2;I;G–L;"contravention; crime; delit; infraction";SCR_GLO_0074;Oui
GLO0075;Intégrité de la personne;integrite de la personne;T3;Droits et devoirs;LES DROITS FONDAMENTAUX;Droit de chacun à la protection de son corps et de son esprit.;Toute atteinte injustifiée à l'intégrité est interdite.;;Dignité humaine;Chapitre 1;I;G–L;"dignite humaine; integrite de la personne";SCR_GLO_0075;Oui
GLO0076;Journées européennes du patrimoine;journees europeennes du patrimoine;T4;Histoire, géographie, patrimoine et culture;LA CULTURE FRANÇAISE;Événement annuel permettant de découvrir gratuitement de nombreux lieux patrimoniaux.;Elles ont lieu chaque année en septembre.;;Patrimoine;Chapitre 3;J;G–L;"journees europeennes du patrimoine; patrimoine";SCR_GLO_0076;Oui
GLO0077;Justice;justice;T2;Système institutionnel et politique français;LES INSTITUTIONS DE LA RÉPUBLIQUE;La justice règle les conflits et sanctionne les infractions.;Elle est indépendante.;;Tribunal;Chapitre 2;J;G–L;"justice; tribunal";SCR_GLO_0077;Oui
GLO0078;La Marseillaise;la marseillaise;T1;Principes et valeurs de la République;LES SYMBOLES DE LA RÉPUBLIQUE;La Marseillaise est l'hymne national français.;Elle est chantée lors des cérémonies officielles.;;Drapeau français;Chapitre 3;L;G–L;"drapeau francais; la marseillaise";SCR_GLO_0078;Oui
GLO0079;La Réunion;la reunion;T4;Histoire, géographie, patrimoine et culture;LES RÉGIONS ET LES TERRITOIRES;Département et région d'outre-mer situé dans l'océan Indien.;L'île est connue pour ses cirques, son volcan actif et ses paysages naturels.;;Outre-mer;Chapitre 2;L;G–L;"la reunion; outre mer";SCR_GLO_0079;Oui
GLO0080;Laïcité;laicite;T1;Principes et valeurs de la République;LES PRINCIPES RÉPUBLICAINS;Principe garantissant la liberté de conscience, la neutralité de l'État et le respect de toutes les convictions.;La République respecte toutes les croyances et garantit la liberté de religion ou de ne pas avoir de religion.;"La laïcité n'interdit pas les religions.
Elle garantit leur libre exercice dans le respect de la loi.";"Neutralité; Liberté de conscience";Chapitre 4;L;G–L;"laicite; liberte de conscience; neutralite";SCR_GLO_0080;Oui
GLO0081;Langue de la République;langue de la republique;T1;Principes et valeurs de la République;LANGUE ET ENGAGEMENT RÉPUBLICAIN;Le français est la langue officielle de la République française.;Le français est utilisé dans les administrations, les écoles et les services publics.;;République;Chapitre 5;L;G–L;"langue de la republique; republique";SCR_GLO_0081;Oui
GLO0082;Liberté;liberte;"T1; T3";"Principes et valeurs de la République; Droits et devoirs";"LES VALEURS DE LA RÉPUBLIQUE; LES DROITS FONDAMENTAUX";"Valeur qui permet à chacun de penser, de s'exprimer et d'agir dans le respect de la loi et des autres.

Droit reconnu à chacun de penser, de s'exprimer et d'agir dans le respect de la loi.";"La liberté s'exerce dans le respect des droits d'autrui.

La liberté est un droit fondamental.";"Liberté ≠ absence de règles.

La liberté ne permet pas de porter atteinte aux droits des autres.";"Égalité; Fraternité; Liberté d'expression";"Chapitre 2; Chapitre 1";L;G–L;"egalite; fraternite; liberte; liberte d expression";SCR_GLO_0082;Oui
GLO0083;Liberté de conscience;liberte de conscience;T1;Principes et valeurs de la République;LES PRINCIPES RÉPUBLICAINS;Droit de choisir librement ses convictions religieuses, philosophiques ou de ne pas en avoir.;Cette liberté est protégée par la République.;;Laïcité;Chapitre 4;L;G–L;"laicite; liberte de conscience";SCR_GLO_0083;Oui
GLO0084;Locataire;locataire;T5;Vivre dans la société française;LE LOGEMENT;Personne qui loue un logement.;Le locataire doit payer son loyer et entretenir le logement.;;Bail;Chapitre 3;L;G–L;"bail; locataire";SCR_GLO_0084;Oui
GLO0085;Loi;loi;T3;Droits et devoirs;LES DEVOIRS;Règle votée par le Parlement qui s'impose à tous.;Toute personne vivant en France doit respecter la loi.;;Parlement;Chapitre 2;L;G–L;"loi; parlement";SCR_GLO_0085;Oui
GLO0086;Lycée;lycee;T5;Vivre dans la société française;L'ÉDUCATION;Établissement préparant les élèves au baccalauréat ou à une formation professionnelle.;Il existe des lycées généraux, technologiques et professionnels.;;Baccalauréat;Chapitre 4;L;G–L;"baccalaureat; lycee";SCR_GLO_0086;Oui
GLO0087;Maire;maire;T2;Système institutionnel et politique français;COLLECTIVITÉS TERRITORIALES;Le maire dirige une commune.;Il est élu par le conseil municipal.;"Le maire dirige une commune.
Le préfet représente l'État.";"Commune; Préfet";Chapitre 3;M;M–P;"commune; maire; prefet";SCR_GLO_0087;Oui
GLO0088;Mairie;mairie;T5;Vivre dans la société française;LES SERVICES PUBLICS;Administration de la commune dirigée par le maire.;De nombreuses démarches administratives y sont réalisées.;;"Commune; Maire";Chapitre 5;M;M–P;"commune; maire; mairie";SCR_GLO_0088;Oui
GLO0089;Marianne;marianne;T1;Principes et valeurs de la République;LES SYMBOLES DE LA RÉPUBLIQUE;Marianne est la représentation symbolique de la République française.;Elle symbolise la liberté et la République.;;République;Chapitre 3;M;M–P;"marianne; republique";SCR_GLO_0089;Oui
GLO0090;Martinique;martinique;T4;Histoire, géographie, patrimoine et culture;LES RÉGIONS ET LES TERRITOIRES;Département et région d'outre-mer situé dans les Caraïbes.;La Martinique est célèbre pour la montagne Pelée et son patrimoine culturel.;;Outre-mer;Chapitre 2;M;M–P;"martinique; outre mer";SCR_GLO_0090;Oui
GLO0091;Mayotte;mayotte;T4;Histoire, géographie, patrimoine et culture;LES RÉGIONS ET LES TERRITOIRES;Département et région d'outre-mer situé dans l'océan Indien.;Mayotte est le département le plus récent de la République française.;;Outre-mer;Chapitre 2;M;M–P;"mayotte; outre mer";SCR_GLO_0091;Oui
GLO0092;Médecin traitant;medecin traitant;T5;Vivre dans la société française;LA SANTÉ;Médecin choisi par le patient pour assurer son suivi médical.;Le déclarer permet un meilleur remboursement des soins.;;Assurance maladie;Chapitre 1;M;M–P;"assurance maladie; medecin traitant";SCR_GLO_0092;Oui
GLO0093;Ministre;ministre;T2;Système institutionnel et politique français;LES INSTITUTIONS DE LA RÉPUBLIQUE;"Un ministre est membre du Gouvernement.
Il est responsable d'un domaine particulier (éducation, santé, intérieur...).";Chaque ministre dirige un ministère.;;Gouvernement;Chapitre 1;M;M–P;"gouvernement; ministre";SCR_GLO_0093;Oui
GLO0094;Mont-Saint-Michel;mont saint michel;T4;Histoire, géographie, patrimoine et culture;LE PATRIMOINE FRANÇAIS;Îlot rocheux situé en Normandie sur lequel est construite une abbaye.;Il est inscrit au patrimoine mondial de l'UNESCO.;;UNESCO;Chapitre 3;M;M–P;"mont saint michel; unesco";SCR_GLO_0094;Oui
GLO0095;Musée du Louvre;musee du louvre;T4;Histoire, géographie, patrimoine et culture;LE PATRIMOINE FRANÇAIS;Plus grand musée d'art de France situé à Paris.;Il abrite notamment la Joconde.;;Paris;Chapitre 3;M;M–P;"musee du louvre; paris";SCR_GLO_0095;Oui
GLO0096;Mutilations sexuelles féminines;mutilations sexuelles feminines;T3;Droits et devoirs;LES VIOLENCES;Interventions consistant à retirer partiellement ou totalement les organes génitaux féminins sans raison médicale.;Elles sont interdites et sévèrement punies en France.;;Violence;Chapitre 2;M;M–P;"mutilations sexuelles feminines; violence";SCR_GLO_0096;Oui
GLO0097;Naturalisation;naturalisation;T5;Vivre dans la société française;LES DÉMARCHES ADMINISTRATIVES;Procédure permettant à un étranger d'acquérir la nationalité française sous certaines conditions.;La naturalisation n'est pas automatique.;;Nationalité française;Chapitre 5;N;M–P;"nationalite francaise; naturalisation";SCR_GLO_0097;Oui
GLO0098;Neutralité;neutralite;T1;Principes et valeurs de la République;LES PRINCIPES RÉPUBLICAINS;Obligation pour les services publics de traiter chacun de manière égale sans favoriser une religion ou une conviction.;La neutralité concerne principalement les institutions et les agents publics.;;Laïcité;Chapitre 4;N;M–P;"laicite; neutralite";SCR_GLO_0098;Oui
GLO0099;Ordre public;ordre public;T3;Droits et devoirs;LES DEVOIRS;Ensemble des règles garantissant la sécurité, la tranquillité et la salubrité publiques.;L'ordre public permet le bon fonctionnement de la société.;;"Police; Gendarmerie";Chapitre 2;O;M–P;"gendarmerie; ordre public; police";SCR_GLO_0099;Oui
GLO0100;Outre-mer;outre mer;T4;Histoire, géographie, patrimoine et culture;LA GÉOGRAPHIE DE LA FRANCE;Ensemble des territoires français situés hors du continent européen.;Ils font pleinement partie de la République française.;;"Guyane; Guadeloupe; Martinique; La Réunion; Mayotte";Chapitre 2;O;M–P;"guadeloupe; guyane; la reunion; martinique; mayotte; outre mer";SCR_GLO_0100;Oui
GLO0101;Parlement;parlement;T2;Système institutionnel et politique français;LES INSTITUTIONS DE LA RÉPUBLIQUE;Le Parlement vote les lois et contrôle l'action du Gouvernement.;Il comprend deux assemblées.;;"Assemblée nationale; Sénat";Chapitre 2;P;M–P;"assemblee nationale; parlement; senat";SCR_GLO_0101;Oui
GLO0102;Parlement européen;parlement europeen;T2;Système institutionnel et politique français;UNION EUROPÉENNE;Institution européenne composée de députés élus par les citoyens des États membres.;Il participe à l'adoption des lois européennes.;;Député européen;Chapitre 5;P;M–P;"depute europeen; parlement europeen";SCR_GLO_0102;Oui
GLO0103;Patrimoine;patrimoine;T4;Histoire, géographie, patrimoine et culture;LE PATRIMOINE FRANÇAIS;Ensemble des biens culturels, historiques et naturels transmis de génération en génération.;Le patrimoine est protégé et valorisé.;;UNESCO;Chapitre 3;P;M–P;"patrimoine; unesco";SCR_GLO_0103;Oui
GLO0104;Police;police;T3;Droits et devoirs;LES DEVOIRS;Force civile chargée de protéger les personnes et de faire respecter la loi.;Elle intervient principalement dans les villes.;;Gendarmerie;Chapitre 2;P;M–P;"gendarmerie; police";SCR_GLO_0104;Oui
GLO0105;Préfecture;prefecture;T5;Vivre dans la société française;LES SERVICES PUBLICS;Administration représentant l'État dans un département.;Elle traite notamment certaines démarches liées au séjour des étrangers.;;Préfet;Chapitre 5;P;M–P;"prefecture; prefet";SCR_GLO_0105;Oui
GLO0106;Préfet;prefet;T2;Système institutionnel et politique français;COLLECTIVITÉS TERRITORIALES;Le préfet représente l'État dans un département ou une région.;Il est nommé par le Gouvernement.;Le préfet n'est pas élu.;"État; Maire";Chapitre 3;P;M–P;"etat; maire; prefet";SCR_GLO_0106;Oui
GLO0107;Premier ministre;premier ministre;T2;Système institutionnel et politique français;LES INSTITUTIONS DE LA RÉPUBLIQUE;Le Premier ministre dirige l'action du Gouvernement.;Il coordonne le travail des ministres.;"Le Président dirige l'État.
Le Premier ministre dirige le Gouvernement.";Gouvernement;Chapitre 1;P;M–P;"gouvernement; premier ministre";SCR_GLO_0107;Oui
GLO0108;Première Guerre mondiale;premiere guerre mondiale;T4;Histoire, géographie, patrimoine et culture;L'HISTOIRE DE FRANCE;Conflit mondial de 1914 à 1918.;La France fait partie des pays vainqueurs.;;Seconde Guerre mondiale;Chapitre 1;P;M–P;"premiere guerre mondiale; seconde guerre mondiale";SCR_GLO_0108;Oui
GLO0109;Président de la République;president de la republique;T2;Système institutionnel et politique français;LES INSTITUTIONS DE LA RÉPUBLIQUE;Le Président de la République est le chef de l'État.;Il est élu au suffrage universel direct pour cinq ans.;"Le Président est le chef de l'État.
Le Premier ministre dirige l'action du Gouvernement.";"Gouvernement; Premier ministre";Chapitre 1;P;M–P;"gouvernement; premier ministre; president de la republique";SCR_GLO_0109;Oui
GLO0110;Présomption d'innocence;presomption d innocence;T3;Droits et devoirs;LES DROITS FONDAMENTAUX;Toute personne est considérée innocente tant qu'elle n'a pas été reconnue coupable par un tribunal.;La culpabilité doit être prouvée.;;Justice;Chapitre 1;P;M–P;"justice; presomption d innocence";SCR_GLO_0110;Oui
GLO0111;Procuration;procuration;T2;Système institutionnel et politique français;LES ÉLECTIONS;Autorisation donnée à une autre personne pour voter à sa place.;Elle permet de voter en cas d'absence.;;Vote;Chapitre 4;P;M–P;"procuration; vote";SCR_GLO_0111;Oui
GLO0112;Propriétaire;proprietaire;T5;Vivre dans la société française;LE LOGEMENT;Personne qui possède un logement.;Le propriétaire peut louer son logement.;;Bail;Chapitre 3;P;M–P;"bail; proprietaire";SCR_GLO_0112;Oui
GLO0113;Prostitution;prostitution;T3;Droits et devoirs;LES VIOLENCES;Échange d'un acte sexuel contre une rémunération.;Le proxénétisme et le recours à la prostitution sont encadrés par la loi.;;Traite des êtres humains;Chapitre 2;P;M–P;"prostitution; traite des etres humains";SCR_GLO_0113;Oui
GLO0114;Provence-Alpes-Côte d'Azur;provence alpes cote d azur;T4;Histoire, géographie, patrimoine et culture;LES RÉGIONS ET LES TERRITOIRES;Région située dans le sud-est de la France.;Elle est réputée pour la Méditerranée, les Alpes, Marseille, Nice et la lavande.;;"Marseille; Nice";Chapitre 2;P;M–P;"marseille; nice; provence alpes cote d azur";SCR_GLO_0114;Oui
GLO0115;Pyrénées;pyrenees;T4;Histoire, géographie, patrimoine et culture;LA GÉOGRAPHIE DE LA FRANCE;Chaîne de montagnes séparant la France et l'Espagne.;Elles forment une frontière naturelle.;;Alpes;Chapitre 2;P;M–P;"alpes; pyrenees";SCR_GLO_0115;Oui
GLO0116;Référendum;referendum;T2;Système institutionnel et politique français;LES ÉLECTIONS;Consultation permettant au peuple de répondre directement à une question.;"Les citoyens répondent généralement par ""Oui"" ou ""Non"".";;Souveraineté nationale;Chapitre 4;R;Q–S;"referendum; souverainete nationale";SCR_GLO_0116;Oui
GLO0117;Région;region;T2;Système institutionnel et politique français;COLLECTIVITÉS TERRITORIALES;La région est une collectivité territoriale regroupant plusieurs départements.;La France compte 18 régions.;;Département;Chapitre 3;R;Q–S;"departement; region";SCR_GLO_0117;Oui
GLO0118;République;republique;T1;Principes et valeurs de la République;LES PRINCIPES DE LA RÉPUBLIQUE;Organisation politique dans laquelle le pouvoir appartient au peuple et s'exerce conformément à la Constitution.;La France est une République indivisible, laïque, démocratique et sociale.;"République ≠ démocratie.
La République est une forme d'organisation de l'État.
La démocratie est une manière d'exercer le pouvoir.";"Constitution; Démocratie; Souveraineté nationale";Chapitre 1;R;Q–S;"constitution; democratie; republique; souverainete nationale";SCR_GLO_0118;Oui
GLO0119;Révolution française;revolution francaise;T4;Histoire, géographie, patrimoine et culture;L'HISTOIRE DE FRANCE;Période commencée en 1789 qui met fin à la monarchie absolue et fonde de nouveaux principes politiques.;Elle marque la naissance des valeurs républicaines modernes.;;Déclaration des droits de l'homme et du citoyen;Chapitre 1;R;Q–S;"declaration des droits de l homme et du citoyen; revolution francaise";SCR_GLO_0119;Oui
GLO0120;Salaire;salaire;T5;Vivre dans la société française;LE TRAVAIL;Somme versée par l'employeur en contrepartie du travail effectué.;Le salaire est indiqué sur la fiche de paie.;;Employeur;Chapitre 2;S;Q–S;"employeur; salaire";SCR_GLO_0120;Oui
GLO0121;Seconde Guerre mondiale;seconde guerre mondiale;T4;Histoire, géographie, patrimoine et culture;L'HISTOIRE DE FRANCE;Conflit mondial de 1939 à 1945.;La Résistance a joué un rôle important dans la libération de la France.;;Résistance;Chapitre 1;S;Q–S;"resistance; seconde guerre mondiale";SCR_GLO_0121;Oui
GLO0122;Seine;seine;T4;Histoire, géographie, patrimoine et culture;LA GÉOGRAPHIE DE LA FRANCE;Fleuve qui traverse notamment Paris avant de se jeter dans la Manche.;La Seine est l'un des principaux fleuves français.;;"Loire; Rhône";Chapitre 2;S;Q–S;"loire; rhone; seine";SCR_GLO_0122;Oui
GLO0123;Sénat;senat;T2;Système institutionnel et politique français;LES INSTITUTIONS DE LA RÉPUBLIQUE;Le Sénat est la seconde assemblée du Parlement.;Les sénateurs représentent les collectivités territoriales.;Assemblée nationale ≠ Sénat.;"Sénateur; Parlement";Chapitre 2;S;Q–S;"parlement; senat; senateur";SCR_GLO_0123;Oui
GLO0124;Sénateur;senateur;T2;Système institutionnel et politique français;LES INSTITUTIONS DE LA RÉPUBLIQUE;Le sénateur siège au Sénat.;Il participe au vote des lois.;;Sénat;Chapitre 2;S;Q–S;"senat; senateur";SCR_GLO_0124;Oui
GLO0125;Service public;service public;T5;Vivre dans la société française;LES SERVICES PUBLICS;Service assuré par une administration pour répondre aux besoins de la population.;Les services publics garantissent l'égalité d'accès pour tous.;;"Mairie; Préfecture";Chapitre 5;S;Q–S;"mairie; prefecture; service public";SCR_GLO_0125;Oui
GLO0126;Souveraineté nationale;souverainete nationale;T1;Principes et valeurs de la République;LES PRINCIPES DE LA RÉPUBLIQUE;Principe selon lequel le pouvoir appartient au peuple.;Le peuple exerce sa souveraineté par ses représentants élus et par référendum.;La souveraineté appartient au peuple et non au Président de la République.;"République; Référendum; Citoyen";Chapitre 1;S;Q–S;"citoyen; referendum; republique; souverainete nationale";SCR_GLO_0126;Oui
GLO0127;Suffrage universel;suffrage universel;T2;Système institutionnel et politique français;LES ÉLECTIONS;Mode d'élection dans lequel tous les citoyens remplissant les conditions peuvent voter.;En France, le vote est universel, égal et secret.;;Vote;Chapitre 4;S;Q–S;"suffrage universel; vote";SCR_GLO_0127;Oui
GLO0128;Sûreté;surete;T3;Droits et devoirs;LES DROITS FONDAMENTAUX;Droit d'être protégé contre les arrestations arbitraires et de bénéficier d'un procès équitable.;La justice protège les libertés individuelles.;;"Présomption d'innocence; Justice";Chapitre 1;S;Q–S;"justice; presomption d innocence; surete";SCR_GLO_0128;Oui
GLO0129;Titre de séjour;titre de sejour;T5;Vivre dans la société française;LES DÉMARCHES ADMINISTRATIVES;Document autorisant un ressortissant étranger à séjourner en France pendant une durée déterminée.;Il doit être renouvelé avant sa date d'expiration.;;Préfecture;Chapitre 5;T;T–Z;"prefecture; titre de sejour";SCR_GLO_0129;Oui
GLO0130;Tour Eiffel;tour eiffel;T4;Histoire, géographie, patrimoine et culture;LE PATRIMOINE FRANÇAIS;Monument emblématique situé à Paris, construit pour l'Exposition universelle de 1889.;Elle est l'un des symboles les plus connus de la France.;;Paris;Chapitre 3;T;T–Z;"paris; tour eiffel";SCR_GLO_0130;Oui
GLO0131;Traite des êtres humains;traite des etres humains;T3;Droits et devoirs;LES VIOLENCES;Exploitation d'une personne par la contrainte, la menace ou la tromperie.;La traite des êtres humains est un crime.;;Esclavage;Chapitre 2;T;T–Z;"esclavage; traite des etres humains";SCR_GLO_0131;Oui
GLO0132;UNESCO;unesco;T4;Histoire, géographie, patrimoine et culture;LE PATRIMOINE FRANÇAIS;Organisation des Nations unies chargée notamment de protéger le patrimoine mondial.;Plusieurs sites français sont inscrits au patrimoine mondial de l'UNESCO.;;Patrimoine;Chapitre 3;U;T–Z;"patrimoine; unesco";SCR_GLO_0132;Oui
GLO0133;Union européenne;union europeenne;T2;Système institutionnel et politique français;UNION EUROPÉENNE;Organisation regroupant plusieurs États européens qui coopèrent dans de nombreux domaines.;La France est membre de l'Union européenne.;;"Parlement européen; Euro";Chapitre 5;U;T–Z;"euro; parlement europeen; union europeenne";SCR_GLO_0133;Oui
GLO0134;Urgences;urgences;T5;Vivre dans la société française;LA SANTÉ;Situation nécessitant une prise en charge médicale immédiate.;En cas d'urgence médicale, composez le 15.;;"SAMU; Hôpital";Chapitre 1;U;T–Z;"hopital; samu; urgences";SCR_GLO_0134;Oui
GLO0135;Vercingétorix;vercingetorix;T4;Histoire, géographie, patrimoine et culture;L'HISTOIRE DE FRANCE;Chef gaulois qui s'est opposé à Jules César.;Il est devenu un symbole de la résistance gauloise.;;"Gaule; Jules César";Chapitre 1;V;T–Z;"gaule; jules cesar; vercingetorix";SCR_GLO_0135;Oui
GLO0136;Violence;violence;T3;Droits et devoirs;LES VIOLENCES;Acte portant atteinte à une personne, physiquement, psychologiquement, sexuellement ou économiquement.;Toutes les formes de violence sont interdites.;;Consentement;Chapitre 2;V;T–Z;"consentement; violence";SCR_GLO_0136;Oui
GLO0137;Vote;vote;T2;Système institutionnel et politique français;LES ÉLECTIONS;Action qui consiste à choisir un candidat ou répondre à une question lors d'un référendum.;Le vote est un droit civique.;;Élection;Chapitre 4;V;T–Z;"election; vote";SCR_GLO_0137;Oui
